month,temperature,rainfall,humidity,cases,outbreak
7,32.92565534083928,130.78266426756966,91.75830576494964,630308,1
4,25.575513418503405,293.2744370175866,68.35998311406746,0,0
11,28.283227312180134,195.028057423867,76.43746211382481,4615605,1
8,30.37170245792156,113.55614497437331,75.76628555802364,0,0
5,31.557661308086526,180.4325116590533,76.55399711334286,0,0
7,27.51216169535407,135.66337203022883,81.78818935054107,0,0
10,32.105096980224516,183.0612472065748,76.44103170467393,32924,0
3,31.227012895784767,81.4353779516622,75.66138494628602,7,0
7,22.79483173422239,83.17866345481934,76.60009471509412,4111699,1
11,22.550335196855595,85.88559050984821,80.68036044448645,11,0
11,29.449668213065095,284.95494798171046,78.79526209229755,6512,0
8,26.16896089870497,233.22472958533544,89.89475991776766,2989,0
5,24.50956949294217,90.59547366558022,61.73238987227833,217928,1
4,28.95579921366086,97.08727094140036,89.16609750155544,7907562,1
8,26.09875852547854,232.70736871771908,89.53736144141034,2113066,1
8,28.44716100056884,89.04096119804348,69.97178075358363,423,0
3,27.521429907802865,108.64032333370716,76.19981842555477,208273,1
6,29.017193271389843,290.83670820509974,75.34884709881024,7307515,1
5,26.803605866923377,113.82663118210796,67.64784420239457,1804550,1
2,30.37201088436318,215.4080875927867,73.88788964802107,2779489,1
8,24.160807268191583,294.65782185013256,61.5535720259799,0,0
12,30.35801759472495,143.57419178494817,69.72377254736071,80357,1
6,26.939934572290337,54.37899771551556,88.58387614077513,3230,0
2,32.49181125825301,111.03682260559356,69.95968056170142,1039706,1
12,28.18283265837053,257.71929783542635,88.63723340618867,12,0
5,33.677324191241254,266.1522089887592,78.60598126115508,3373486,1
1,29.223224746491525,242.1298411309478,90.7951937076406,2184,0
12,24.686188790875846,78.27745476914326,80.11728439925453,25021891,1
10,31.86148764213339,248.87759292410078,61.03838780726589,15265,0
6,26.140991533868643,279.66944924837605,83.63970726414811,405,0
12,26.1714305737922,200.15238563655902,61.569874880824905,1275,0
9,22.38165617782198,285.2188390845162,75.7708956644097,0,0
1,28.584583710488904,256.70972092796933,92.529934306559,0,0
11,28.413082044790276,216.74287924772682,65.78213787682475,435143,1
11,26.271897811263834,194.29630917793705,73.64553235295405,115928,1
10,32.73060715475111,137.14341681049262,85.54511080969675,724,0
12,23.544980779595726,89.82186131070128,90.87904946331966,2666954,1
12,25.961194159721863,201.2384806726352,83.48300516598778,341980,1
3,25.858993176160347,129.52788840452988,69.03606389669092,119044,1
12,23.107487034744953,266.6096668819114,83.61127485206757,0,0
7,27.773744728675517,298.3342343396571,70.38546743864315,7805045,1
4,30.253416605152996,238.10694065389313,85.14502304365573,4739,0
9,28.139884162567135,72.62042382176269,93.39115946547642,4282165,1
3,23.883732192594323,122.17139888265953,85.2487707887201,107972,1
5,26.52743158290487,77.27740794143743,90.20081760193443,24913,0
3,22.03114029260376,212.62791194792894,60.073634511155916,32011,0
7,32.419613284427044,241.29771613894616,85.1150243656058,1695,0
5,23.014204092168182,281.41870772017796,89.03556449028376,9590000,1
9,29.167336987065166,159.5430866029969,61.41955581406385,1530566,1
7,33.83508395040178,275.34391239711107,90.50592045508807,60,0
2,28.439087751847993,269.4727897603319,68.9842979908516,0,0
4,33.0885011092892,129.29892919134966,83.28522356923193,0,0
9,24.833398397408853,267.2251563851428,88.01242076581923,3520384,1
12,31.11946490725103,143.9180629704316,83.19325795707744,0,0
2,28.375189047682408,124.21731864007019,63.229967722564005,20712,0
10,30.64619273669758,212.26866469859826,80.8712531601129,911333,1
9,22.748096350134897,132.09530697127025,79.23542798527502,2324289,1
10,23.772869102874722,207.55218708228605,91.5112443825995,4303543,1
5,23.59740314304974,202.45795137467363,74.14839053754733,85,0
2,30.245986064839975,190.8597318371147,71.23783839804676,7160192,1
4,32.133288071603545,145.10492605819942,86.24477675527632,238272,1
12,30.99539478410305,187.1249304128692,74.44363641291888,736,0
12,22.36566583280313,199.1213687463554,82.61336612517721,0,0
7,32.40657977289668,186.42172212386836,82.62575315436125,10025823,1
12,26.249760049517505,161.1048631878004,91.08136725260412,116772,1
8,26.76596599004899,53.66676426156595,80.95423408116841,89611,1
3,23.258429998389772,196.76542692528773,77.57537634866954,3829,0
1,30.848862473125827,92.1110962856799,64.86049642387809,13711,0
4,24.187406541711496,210.6439922367974,64.05081623375469,7702777,1
2,28.767581104226036,239.8360819807165,65.40125478490778,53667565,1
8,32.088519830535176,175.11132728268535,66.0146968464483,0,0
4,23.070451944544676,185.5909162449346,82.32569824322718,956280,1
2,28.42402676818628,287.8696399164978,85.93434375961024,808,0
6,24.798596938597615,261.7918403431436,78.54970330242466,1500657,1
6,26.115122371339123,278.5591289878675,89.01562063909219,0,0
10,27.687639297166676,253.44157207989662,94.69421293567717,70745,1
4,26.261251639351656,77.22958546168286,88.70044201917746,15253,0
6,29.78587408349891,87.24796399254868,84.32088307865857,436,0
2,27.754985221051,181.6559493172399,78.63724448030013,6172220,1
10,29.01039381657003,111.51741469949957,75.70985750861479,2239,0
12,30.841869704738954,169.1738687602898,62.95373331905898,177,0
2,28.692907191405247,148.59133095458753,73.97790619381418,1024285,1
10,29.03842521592911,187.35355960761333,91.8547122873747,2869588,1
4,28.773502510271697,236.71892903395567,88.28079204672935,103482,1
8,26.54527151141547,228.8727267748186,67.56179777540905,541768,1
7,26.049362006463017,180.3085331213336,76.33127246440256,22517,0
12,32.79576876574015,255.59835470426452,88.58531208954906,1781704,1
9,29.290662667522874,157.71552288450835,62.358459417493286,0,0
8,24.932237865575853,274.1785724600306,73.55874049840307,1517910,1
5,27.978972374187283,67.82006751379097,89.81444329058817,40,0
2,25.964181775370967,288.6650075083269,74.13642524595433,0,0
5,33.2043018851185,213.67327035783705,62.71651256560043,0,0
8,22.090412357608898,145.01862723430133,78.9887028986288,11043,0
10,24.70399357255034,99.28853164321933,90.16098732214033,36,0
9,26.38428183608869,169.79580736089997,80.6599940033606,2891868,1
12,27.853717609704855,98.63958079632525,67.91976878749811,0,0
12,32.20981021403375,91.58290193578554,73.44838670480834,0,0
12,23.054651494481725,204.33793935324354,75.75431764136762,8600724,1
9,31.670378640893723,180.77118114544618,80.27432238371844,0,0
1,22.667841872283702,217.52400865273543,86.57728590134145,6477825,1
9,32.10776842357818,282.4014693554973,63.46057661742224,0,0
7,22.619625734494154,183.06505333476005,91.13782115561483,2270,0
9,22.218909777140333,195.23301331569942,60.430839605562646,519109,1
8,30.36353754839706,72.40658478873553,72.95183171359893,5481,0
1,33.967066417220735,229.40894647715737,60.95971084904302,762995,1
12,32.75932315568825,149.97630170103906,73.7540978870852,3475522,1
8,28.91198101366792,294.18130966564473,78.40344096056633,1239430,1
8,33.00874735702638,255.79350389891508,77.90884853035291,614491,1
11,22.063600076771266,180.6202601290296,65.7969921459893,0,0
3,33.70080595534171,80.8056635430415,82.60091785334643,4485050,1
1,27.88898535110541,264.8539483201473,61.56724576766339,0,0
8,30.674753159461307,249.9452738560054,86.66673870463454,0,0
3,31.85033767784023,96.14628238425826,93.13255518977411,0,0
3,30.621487250038644,123.81957230507751,71.89190895028912,31169,0
1,28.420440784538926,248.35181453695932,78.10337836000161,4,0
11,27.719433809516943,96.30711163685243,73.2618597320585,4007210,1
5,32.0629907044315,279.43812229284435,60.2348636606421,15,0
10,24.46093072179351,156.1318562990905,73.50560760132906,7894,0
7,33.61592879805081,71.75974064691466,87.71020907414713,1150,0
10,30.531429746040978,253.9371608760702,80.85960947642187,133591,1
9,24.394083128059837,143.3774207595969,63.54409701153056,7675183,1
12,30.834966204381857,181.62479853844525,89.64988213928248,2053294,1
7,28.3580802781734,78.0760861028048,78.5879870709835,48,0
9,30.486761147733333,50.6460037112456,89.46031766106367,127552,1
8,31.213354017314067,209.4963014483244,80.30775315747603,7176158,1
12,23.047482155076104,178.7937925834329,79.5890955693279,1780632,1
2,28.073247476312165,198.3846422807868,63.68407148189543,2689908,1
1,33.184172107083214,248.43596259512907,65.85759065985198,3,0
7,25.847706305914173,211.65147835571503,94.02088397738069,115125,1
7,29.126597170694787,93.69336070684429,67.99703613641698,1143,0
8,26.430765778118754,140.19312977764997,94.21082412966288,1030697,1
5,27.451215666629196,276.4727761969401,78.61694472834921,4,0
3,28.583237415257837,242.48617506291973,64.7526166472378,3319810,1
12,28.58706375866773,189.15926448417932,63.475577096379254,2719,0
8,24.42076554796283,113.91124945231807,67.3102424747009,24454696,1
6,30.214858574558,125.51512545869876,92.39730655088675,13804,0
11,23.054417334911882,232.98951689640865,74.49525785148793,896,0
3,23.665897281304243,262.79356521319266,73.84019937975201,1191,0
1,22.032530792971954,217.8561673826536,70.96221913745609,0,0
3,23.400352769700177,252.38249394211044,65.1471647698306,12,0
5,27.677994412622706,241.6640338001015,77.07479190173423,427357,1
3,29.273222572670065,87.42599198923944,64.55167238788985,86561,1
1,31.53147339959755,155.9862032283255,89.24180827338147,350,0
5,23.28039100136123,88.24595020714067,72.96389451963573,2927266,1
10,32.20872952019746,108.8088962004962,73.11812487236287,334796,1
7,30.951694306584617,267.3149061627631,76.59022499691045,253981,1
7,26.902219515231003,168.22299140829554,75.54446996080131,0,0
11,33.195256805199456,183.83952546066521,94.82002905707625,7652909,1
9,33.89115371748869,94.61149130694304,79.08833924264059,6120,0
10,24.460021720638846,128.067946512199,63.08705963264548,4197876,1
10,26.550743019565605,107.5615421069675,81.24070695519255,105441,1
12,33.117393083076536,101.5465411296066,65.3054502504458,22108,0
3,30.659158609015325,209.49019832899253,61.08281756559697,35105,0
7,22.57713572756905,114.2209619114287,93.97597537870368,5934,0
1,31.37817378101698,208.00387150510463,87.07386120370974,12630000,1
4,31.935290646129904,64.61365352713848,94.30381473448185,1293337,1
4,31.006023097183764,85.44359838177547,76.72574568077849,81,0
5,31.594445571034186,118.63506350003135,78.62901359021416,0,0
7,31.901592120313566,199.2617292239229,65.89179345716956,0,0
7,24.23685984145773,218.960311271844,68.64175993336549,3452117,1
11,24.828300952779998,160.6792416948818,89.34922252159899,0,0
4,29.605102764642126,161.44772864430723,72.4664976491158,28152,0
7,32.89439356555019,231.12921284965452,88.93852408287466,898524,1
11,25.794358987557935,53.95527294139561,84.81548035004612,1692049,1
3,29.05968010954068,135.27250611855516,66.2009823845153,4223467,1
6,30.19578476100559,254.6767642798082,77.76062281419098,266,0
12,27.423383215588473,200.80485255334307,83.70855625315508,6902717,1
2,30.565389458263912,134.3067831888551,68.22630251813388,298498,1
10,32.79600934350608,276.38119808241845,89.07409786820268,551,0
9,29.48921853018205,243.15568186234563,79.06896801408153,0,0
5,28.477372742975597,116.22386180918335,65.78347176549111,9753050,1
6,27.26493610466007,211.3224593814292,80.40445491576108,262577,1
12,28.92983525087351,198.93768204723918,94.98998314545699,41608,1
12,26.26434942182075,150.29697850974566,65.26825220821948,2754,0
12,26.69778532241802,141.7390198012002,88.58649255418348,7854,0
12,28.38228975625809,135.89011869392598,67.25581511156453,7457829,1
4,22.799429348689802,204.2889458489117,87.38359153110305,52357005,1
11,24.748304691097555,160.6024841201674,85.71022730924946,0,0
10,28.514191727360906,257.9657783128555,70.51712849601513,1202476,1
7,27.178337717637312,217.40065403349047,71.40380911475575,817,0
12,25.99378943094981,67.48290142735854,87.73824871870217,1469150,1
9,30.76658964171162,210.04205595704153,76.15059291605594,0,0
7,30.32461128884006,117.7868591250462,85.5786310049133,71056,1
1,24.000769119920598,198.20299791335566,65.17944515780422,16173,0
1,32.54354938448126,220.03298277586285,89.83952236655438,602,0
9,27.94508351684759,107.70729728850301,84.88096508388116,6608358,1
11,30.897530933668545,164.21466122009218,91.74299830921919,2238,0
9,28.877810191088663,97.58121570476695,64.63303326622403,272,0
4,33.97231139108612,63.08471894662708,80.75550751262092,836561,1
9,31.02883744046587,144.61910587146727,80.96922047641138,2796045,1
3,30.48376553492151,140.736067961498,72.37112591913738,84451,1
7,31.342863268609012,298.8701226760643,76.04632485992403,528591,1
6,23.717535826581635,161.58808779941054,61.32935471514487,4323,0
8,24.454535118033558,133.3923873680501,86.10510135194542,1739256,1
11,30.56876898668337,195.11875167916867,79.22628677911109,0,0
9,27.927777845570354,72.19184852694212,62.02093681542108,1484475,1
5,31.0556235023214,290.41643398870326,83.826456253617,76,0
1,23.23499236892974,208.74001139775828,76.33737270309157,0,0
3,28.437776217815138,238.70945498521195,61.206144079875,0,0
10,26.545858786682988,92.61948454347939,93.93627043968334,13451,0
12,27.48400263138014,152.36946325130097,93.21892500813041,148,0
8,29.24749446487015,155.6722783490474,77.95158456515192,2862933,1
11,28.027460169550363,255.4516109752717,63.27853472470686,0,0
6,28.478327645354042,50.30916993985236,86.41174275595071,0,0
8,27.836289783947294,125.21327708831377,77.21758850370051,8425793,1
9,26.90746212502592,295.30909358607596,70.5856617401283,0,0
4,31.262583767178942,168.72163587655467,77.19963621349949,6317222,1
1,22.146436867816533,145.63157006100207,78.28554508919126,0,0
1,29.181312414462724,79.95725050441159,79.69490946578188,4184,0
10,28.786100167875688,293.5411571570039,75.44282997793643,303471,1
4,30.594148896795424,55.00658898145612,81.20143560986699,5024,0
12,29.188352377327917,234.2950562518108,92.15571487122321,667967,1
7,31.92158593370894,242.1499511971271,72.67938304845069,3387771,1
2,33.50889753476834,110.91417901596665,85.40007621269822,740192,1
3,26.11029108614252,217.88961090325932,91.30583948884812,369809,1
1,24.728211796359844,73.23228609484748,75.9592746515978,0,0
5,27.083162349045793,114.26181660801997,75.52095427336664,4303582,1
1,25.455155397708715,246.97549707306624,81.07409448741728,0,0
8,29.379403157831852,266.17154800838506,80.69923657978708,0,0
1,32.942228906115574,202.12160316494783,88.23062698141969,0,0
11,23.66939432971674,176.70960795512065,76.67691843224024,44948,1
1,23.20953523619064,89.82600515474508,94.86430323738044,9,0
2,25.072186382243945,65.77725826978754,62.08150491035483,3787806,1
2,30.713147032748807,79.41225711838966,60.11087470032456,34,0
12,29.115554863105856,106.8393250240247,82.40694090458683,9792,0
6,23.226551970702396,135.41862547423023,70.44522193266569,519,0
7,33.02500626712896,145.2273813777468,68.41338360448194,158963,1
5,31.48101564548904,136.5804421472509,70.91646780014982,7770245,1
1,22.27627125745165,109.7638330493164,68.9616647786734,1957365,1
1,29.816406531858952,177.43106168792454,61.07765173811568,7,0
3,31.254960022236858,256.3215270582242,94.0036564836706,224858,1
2,26.493224436645065,119.9258846178698,67.72609209584736,7223417,1
5,22.827058472406627,285.5967547755583,85.69104169062572,1758188,1
12,22.927852785865447,268.33416543096195,86.69087381429614,2690084,1
10,23.250963592621716,90.4410528380274,92.52400893025302,39,0
6,32.085275583765075,246.56898918927362,61.069230998268296,72460,1
7,32.928234379068556,193.64684557944165,90.52169184564526,1300,0
4,23.473729382148804,191.64384054285463,78.452916329393,1044034,1
7,24.830872415140973,147.7606907645436,82.13904384880398,0,0
11,23.986246124407476,175.28824979550245,82.55645969923617,3395695,1
8,24.23585055392945,149.29469435730277,88.69292317446546,773,0
11,32.0498894680299,184.9331546899857,71.66925627556887,24159871,1
1,25.985756951859265,206.98751319315895,85.65679164509977,9473,0
6,25.737331168547694,218.5759516022621,78.5002338402769,751,0
8,24.72874745052535,183.12029813985654,87.76879050068717,618,0
5,29.294732725531105,230.35551683218293,94.66911114695466,0,0
4,26.551668380626587,85.31951231887645,67.02278560913165,2,0
2,30.930995822119467,102.99562272555963,94.81270245459993,418770,1
6,24.46695770050765,254.68375101856753,63.14342539989709,64176,1
6,31.453478664573908,130.6319944616038,60.081114176668486,157,0
11,29.244658380761667,55.72345624403006,61.54566776622409,3632424,1
1,23.371207600668253,88.44778741700777,71.96238416578666,333155,1
9,26.974055010443532,105.9036086240778,82.15172157374519,412588,1
12,32.36221768735548,289.3307219736468,62.416033931074736,0,0
11,33.07552278158182,193.26035723271232,60.198303508534856,7513657,1
6,27.588401467825758,283.1826851190637,92.79818599605781,8621,0
3,27.77004373706888,193.79083762415624,88.76743225789754,4205085,1
4,33.02145669927161,169.83861003446293,88.32141098986608,106338,1
12,29.044818689638806,128.431922798524,90.9548496425692,17848,0
11,22.39416004292126,201.5927361083439,84.50119954702365,31181,0
4,32.95299355454955,84.79950615438246,63.65414454118285,4745,0
3,24.978717313085824,274.5654068231765,73.9685065825803,12200000,1
10,28.931583449098568,257.33310128532094,85.31023202626203,1284900,1
3,23.986159809135685,129.38286196918426,69.81170612770323,167,0
3,22.40654992295914,288.1993819003236,84.05922274476832,0,0
4,25.73767805359309,256.30019185389204,60.85744568936783,0,0
7,31.365948490553052,216.57672145875992,70.71480693078576,3455175,1
4,25.33104607155302,80.44047778131869,79.21956176970104,0,0
9,24.641166568973166,169.55850576201806,82.12314403271847,79592,1
1,24.552169412094717,176.52688871168772,80.19642325616688,903748,1
8,28.182084188881753,108.13783959134503,84.42146966257003,2840141,1
7,33.706495788193074,69.99134858982549,60.21310618839437,4102579,1
2,27.507867856204157,244.18090761792317,63.53294199921325,242,0
8,28.687664426680577,80.50876303109875,90.41304882977008,6833022,1
1,32.327584214688805,198.5726876404437,83.86120254315564,249961,1
11,28.420836627203904,284.1122934709151,63.952607494010394,517,0
12,24.213554457026273,269.02629814951064,89.47260530895028,0,0
9,25.595150941197723,119.43815593731529,68.47809262385984,9496089,1
9,25.719243115223332,262.8621593878163,76.73909594683282,425073,1
2,26.767817385491174,50.08312653012235,65.0818779509631,20092,0
7,27.121466864040993,54.42195240331431,84.85385197475973,4084,0
10,31.597384264891232,200.63829096071623,83.33990473549937,2853,0
3,26.192643988591996,141.19955478613235,67.38893649081477,7397212,1
7,27.618781941296554,146.61521028978677,90.21902683999507,52697962,1
12,29.499711844612627,191.11027266972062,74.04571084768993,0,0
10,26.532711369282033,97.94561389796515,70.23802818747596,992605,1
9,32.038777759507994,102.93883766636958,65.33153563125875,580,0
4,29.049443250808892,171.15039675471616,69.3158804380438,1066533,1
12,25.528536150651657,238.56338608596576,60.7709422428336,0,0
1,30.56871039747794,204.87443785189691,80.41401223596404,91640,1
2,28.33177276173743,124.33876205920973,89.47807612203817,26726,0
1,28.413470695086964,157.5842943772303,79.21431573045746,627,0
12,27.77305538065103,92.6661896374996,67.67458866733566,3799535,1
5,27.96414338585499,68.65745358427043,61.178421237485544,2058,0
5,31.184275372794886,245.6740101860373,67.5119825640581,83,0
11,23.235777751975785,116.34685229704864,74.56424998248823,1176494,1
7,26.012353735725785,94.44159696281204,86.58640000449287,2727461,1
9,22.90604036564667,222.90451389232982,66.57449983882209,39916,1
9,31.03895464896941,204.5129185717965,85.192700867414,514253,1
3,25.267622256643595,208.297406503366,90.34267139231594,1157,0
3,32.769164917826615,107.2236512116534,75.8881396837925,1805509,1
3,28.318941599911525,108.16138464067025,88.75011970749077,0,0
4,31.60899725783345,105.20065744640979,79.41300718122835,1476591,1
8,33.74717722739153,93.43814891557363,82.29817929783167,81,0
6,32.07746631347885,213.93091814041406,78.4197461118371,0,0
8,32.40392512013828,262.00397131235036,76.21104508629696,0,0
1,26.895813944378137,231.0793674191653,68.21287046215473,17427,0
8,28.620671143112077,248.0234084401358,70.61179208113661,141,0
4,25.046662768519653,151.19960727129995,70.14895416302632,2800982,1
11,24.353357196321433,213.51894884299952,79.71511258338352,0,0
1,28.066094549272407,138.55906011119362,64.19837925583614,0,0
8,29.140587756405047,181.37615549216,92.08770917458173,8182789,1
4,26.07125495075429,170.4087116337156,85.22293008490897,0,0
6,28.833322213162006,94.22178628596359,74.05059708196178,6085465,1
8,32.64952579016204,146.7696900839077,65.55184505842323,0,0
4,28.680659017400394,290.95556887058774,90.86972594025725,788,0
3,30.64975715572608,112.14506442873551,88.83223315354078,172036,1
9,31.66377960829486,83.45093406987218,85.26025434510127,11283,0
3,33.86474538346531,154.64515540598381,69.50414665939348,1022338,1
9,29.238368826123754,247.58443396503702,74.08563231017841,3347169,1
2,31.68220178755103,195.53705744499308,63.596188835834816,1081888,1
2,33.551791822658494,220.24370680956113,66.6163833654636,284198,1
2,33.33291670692728,97.4237120436693,87.40558230608565,0,0
6,23.692982185332564,204.7370482519304,85.02635515977394,3768087,1
3,26.876707699282264,130.87509872786842,80.77200170415772,0,0
9,25.887880733281595,258.5758414886919,91.35043540741606,0,0
4,23.043100179404192,207.32470150268404,80.41432812345658,0,0
1,29.598889298931525,99.71406944382397,76.34387999872638,53948,1
4,30.83085535835203,66.15416996102154,71.9129761207017,19,0
1,32.1775371456026,60.658302321758185,92.91569770076603,3387590,1
5,23.473322675952502,142.8521419125352,62.89504115335237,19,0
4,32.51732891050352,116.46278416357838,92.5810580221283,11512,0
8,29.71510676337104,211.522530865627,88.93501309758564,2065,0
8,30.447353621662113,174.83345874465456,64.54754735874954,146675,1
7,32.927488042483645,116.50481950134518,79.77445251863388,8258938,1
3,29.497135252519012,87.30944448754403,90.32917936121804,1688069,1
1,26.03039028579802,81.7999406718624,80.01332072625038,26,0
1,31.901287977071917,266.1650980351044,91.75199375462178,247065,1
12,26.356710546341084,110.8694921012168,93.00443358856148,7282873,1
11,22.41073732984635,212.92766197774208,74.7834582764507,1786895,1
3,31.967854078783,252.67148199656657,73.20597814922132,2797275,1
6,26.142305738575306,203.520327796184,92.77124038892049,56,0
7,31.286014278416083,264.8913079117365,83.62990214023839,56815,1
6,26.353094735991345,148.09843038211864,64.06079384718592,2203,0
6,32.332816239696655,289.0555476622371,61.48021122279384,1017800,1
6,24.634126300971506,83.28625104452423,79.7620167849042,0,0
3,33.694567182386436,75.53738241438452,92.55598379034487,3592810,1
6,31.35710529745637,214.6730365518609,89.54870458420365,10535,0
8,23.37085511104476,285.70778535331544,83.65467112625177,23031390,1
11,28.789319439598728,252.22086540908202,64.86905471118806,9439,0
11,33.82440774690082,69.10421485951287,68.89809843120435,546,0
2,27.65278543232577,119.8419284836791,90.64289292934157,242,0
5,24.185285665859,282.5797212094559,66.39825328299152,22,0
1,27.817340405804153,113.26460820019614,69.7453792887652,6,0
12,28.14949187058306,245.29260594672982,64.53602279184047,413388,1
1,30.900243330743987,256.28304898217596,83.66378809950439,109689,1
5,30.386150237930853,173.86302586524545,93.03938068771234,711,0
12,26.830600523163767,146.58722746207889,69.41388110583851,3825848,1
3,24.616277289929037,162.5311081049399,76.63923127475258,341474,1
4,29.740650013231953,106.74117359134104,82.20189088989216,291528,1
3,27.06044721463938,272.3477290322111,94.98131868754707,0,0
1,23.587314533503964,162.65491418243948,63.66828227491502,8113023,1
1,32.80686761483663,270.61486011402496,77.44997798269982,7170,0
12,30.294662291315852,76.42336997656852,73.4792041965875,4255458,1
12,30.198206277345776,297.06881775003285,90.30370578278243,103918,1
5,31.871006510940088,160.81827186090456,76.65887058540795,22085,0
6,28.355940143860973,61.95770509852637,63.88421336048018,31950,0
3,31.780653140829486,59.50546205936373,82.20484508503043,4484,0
12,27.977089042132068,236.55181437045965,86.9773216392358,11420000,1
9,22.80610479898852,214.7588835509202,60.10084380829651,1492130,1
5,26.862977056332266,250.53263953189688,90.06348398972203,358,0
8,27.969578727758687,76.34188348820149,66.5108050001983,0,0
1,30.64243097958755,58.89271675888709,79.32242776286823,0,0
5,23.278944761544093,177.14482236189463,74.55291252406076,3916556,1
3,23.68022246392539,146.8988078706924,85.18788358136857,0,0
12,25.164205631615395,165.48673416773894,72.99065651750097,105109,1
1,25.197980720450587,297.8971022175685,90.44171118385988,877199,1
4,30.78621494150875,292.6874894176675,85.56737263355765,1303958,1
5,25.008767926739175,285.5788474182982,82.66996098720224,4161861,1
7,29.597176760289372,245.96066919191847,87.8684208446999,3147,0
1,27.931286201659255,138.71034006422258,86.39080622249338,7468113,1
3,28.87953253815281,153.0327325656929,61.257853622254366,193933,1
2,32.057283558139545,187.40401092973113,73.81570238456898,656,0
9,26.85257801858829,257.63361410121,92.57825540607715,0,0
10,31.250936524771248,67.17820812956694,64.40034941472791,9425097,1
6,27.064432714608248,156.07422147122202,85.7983792651218,480112,1
10,26.246456518734995,70.65441586481717,94.11071339673654,26278,0
3,33.50352612775865,178.6643966433779,61.826952016574005,4933,0
8,24.212451048147557,274.72520600155883,83.87678582193136,1430,0
8,23.084043526931296,245.6212311409845,76.38539494553606,7700900,1
2,31.25183110642574,106.96060438577749,80.27113393811527,59365039,1
6,22.8189964642491,293.9977123996981,62.98694677695137,0,0
7,32.044947888436354,216.8375995116071,61.50524331534288,1373352,1
2,27.24632075628692,52.60692484935077,83.34033311928226,1016,0
11,32.98616412750297,113.85337117130487,88.81583004372513,1931287,1
10,30.658394333462866,115.17832497997914,87.37053672265385,0,0
2,29.32485600409549,67.31357657146498,79.03320047531831,81884,1
10,33.39168156469319,289.95662951898225,63.49533873976624,14293,0
1,26.759792476624654,169.56382364398092,84.08155553426049,557,0
8,33.449043238475596,273.9536493429705,68.46611092439511,2405272,1
1,23.620015329054482,130.55387586115708,91.88740459685843,1754,0
9,27.805059303188955,81.30839260820679,89.33928758409968,30,0
11,25.23893466870634,168.58402747655347,84.82840384805868,673074,1
6,28.478113346898322,78.48915867857929,93.20960845408956,2683566,1
7,23.944166534699015,171.50387574438497,61.09976375289455,30591,0
10,32.09835592372052,280.07429530485194,85.76701487712667,430886,1
7,32.15689419177468,180.1920354585532,71.55849727677419,11705,0
10,33.46283575268175,204.12493172377086,91.71230599902279,1668785,1
3,23.856065690598836,89.15960924345208,69.33363188316922,0,0
2,29.47999061085989,60.93390646999237,85.3699774760256,1293793,1
9,27.690847704404433,77.70199054495176,90.71764568777735,401,0
8,26.1326047845308,199.6328939210914,61.45798864339388,0,0
12,26.218481933610626,73.75292474807617,73.91766528572127,2,0
10,26.953522607281027,143.99822248532786,86.68081612076786,37921,1
7,30.459106596267436,187.522985114539,75.92216113276555,567,0
9,29.179432699217855,147.16319965746175,69.35384204277584,2626144,1
4,27.516178153133573,90.92095036632537,67.69318720881165,0,0
4,22.911200924435466,118.44782687852663,64.60313934207323,0,0
1,22.933184128947484,282.07938321214425,89.99953459496987,7040282,1
8,22.02807268750934,218.99556889658885,80.13743911380446,0,0
12,33.612392658485035,174.01195966997165,62.67347307470096,5927919,1
3,22.06304582270062,53.17872249672338,73.39031132497225,0,0
7,23.23712495216494,298.1038501223676,72.87067777817884,2431,0
12,25.77515868171293,217.8637337236608,66.3608716748312,114404,1
2,31.689163021801136,129.23061933623623,75.24276689152667,19060,0
2,33.54518542916941,269.8171649994596,71.62347778875977,1168534,1
7,31.480162705502273,114.60790507295452,71.96312969222639,3534876,1
6,30.286722789347685,186.0041447956879,85.86592952257855,1093731,1
3,28.25560800896283,209.01769093245628,67.81421849268187,213914,1
9,23.040462542346205,105.26584286343211,82.46509855993745,8,0
10,33.49804951604716,294.59931970014895,79.97273683583272,3384997,1
6,31.100708967348176,237.04797649474938,79.88323793182536,0,0
10,29.667392624011143,189.4533063777675,83.20525711496217,0,0
10,31.108430146466198,95.14864954382523,79.19337126684789,0,0
6,30.689239951277663,63.46455174950653,90.77392901962347,25019,0
1,29.646778957473842,130.01495813024587,83.6453032182591,20,0
4,33.766921602159854,238.2968339783507,79.14371379799859,3219441,1
10,32.8403657516323,117.33282457550627,89.04170921006757,15,0
6,29.75997902940596,184.8890551238763,81.21512977267179,11356,0
6,30.318102537483096,231.9867941826858,70.19004867248127,725,0
11,22.61914967990452,76.98592866161609,67.24832213618,194191,1
12,30.03900957460047,221.32450402896833,65.33147249819376,8736057,1
5,22.5299852525212,72.96772192751118,91.48093243911356,1539318,1
1,29.059165083639172,291.2824355317491,84.8547401129323,22,0
8,33.99224199479002,172.0985325162349,92.80824533575122,173259,1
5,28.669678977246157,87.66902692746935,81.115213200023,6960282,1
12,27.678521416976,135.59590900838663,76.56903085232194,1885599,1
12,25.75425827806705,153.35411232381534,62.090077113981124,2947833,1
12,23.446270945437572,239.54625276913433,83.50747985411104,86,0
5,30.77228405749938,235.85594651915233,80.37730659188809,72044,1
7,24.311188333427566,202.98512633433276,94.65731127556674,53156,1
4,23.383384254967414,76.48267813962323,68.37055722237851,975903,1
6,27.06115191676615,87.8923428969184,78.57580743503925,0,0
4,31.54410205550917,73.43923016138916,82.78350672913254,4332409,1
3,30.940774577442646,194.2931958218875,82.56069111598202,14407,0
7,22.658591375757698,269.284610377851,79.64527400319409,22488362,1
8,27.461724220433872,158.45012806369294,87.1924803614529,1684,0
4,28.269214912854025,90.21204348943655,67.17434233343857,720,0
2,29.734559807509868,189.51058128724176,85.39695200960455,368,0
12,29.80200820531874,252.93805421642747,81.69071000015812,0,0
10,26.37636699348767,235.42801537823252,91.36262891281007,6,0
3,28.72812632804217,270.3626949187553,89.65180536617535,496542,1
1,27.772742606129036,119.47552431221696,71.03014636963937,49309,1
8,32.61998027827937,98.48846681694371,69.66830637413035,962,0
3,28.3631815916188,269.9541214854847,94.35786633483568,5173952,1
12,27.29238594097794,214.39007819450578,78.45428133203399,339163,1
10,26.85382539618221,127.73223250188855,91.7247337370053,471968,1
7,28.86913311320159,235.5870126431273,65.73583583231688,0,0
10,31.64772375281077,253.77959612009198,82.4986620180061,8552123,1
5,28.46081788456945,203.7445600852831,88.34510655762051,7886,0
10,29.939862100966497,221.97102746997876,93.15883373552563,4344956,1
5,30.8542692028783,143.81497611066658,71.80690493559582,102461,1
7,28.242017318544782,184.67391683575977,85.37434094734184,56946,1
9,27.12180467985837,181.03979268154058,78.85845531638667,48004,1
12,32.51998453434939,262.01194778269297,62.122012412326384,7205,0
5,27.010073008334707,259.99099507054564,84.14999080581302,11210000,1
1,27.543314206907052,258.17011733676077,84.15337953832451,2033858,1
10,33.884095760101324,52.757903565616445,92.5712381696288,479,0
10,22.002850282910615,237.38637111722207,77.40593561591403,0,0
1,24.22567491492067,239.6690975277512,68.05878222486801,0,0
2,26.607566679036708,219.59470571378546,61.55973382070377,3754660,1
6,33.191078913103034,239.06616447286314,74.5474765340067,0,0
9,22.840356468969652,260.49259287417715,70.56708450271256,80695,1
8,22.11382520354198,167.57976352544642,86.63809071083564,907189,1
5,22.632206031726742,175.51255337211177,72.39937176943663,1813487,1
1,23.06252092736342,81.17851422784761,93.21749187101955,4169285,1
7,22.45116127847513,146.34397076184047,93.68085710457245,2921,0
5,27.757375922278058,210.8412949779461,81.73180065761979,7448756,1
6,28.96908648672793,245.09994403681864,92.5031100455209,127145,1
7,25.26024365282805,104.30227442280264,86.62990205800735,495,0
3,26.77944860770763,84.45572478980884,79.14008743412941,0,0
12,23.10039202133716,215.76050112512306,66.31077773979723,9644363,1
10,26.036445565941065,50.46997088122766,76.05092802298441,709051,1
3,28.270230299614276,94.59314607683245,79.63060621769162,8109,0
5,30.787261686215743,57.267845085988434,90.23865532572536,10326,0
6,22.04015634451575,91.72127946371774,76.84666817874827,1455,0
9,27.607729198451832,95.3298199813763,91.41861354372848,7780901,1
12,25.564034517458587,146.91839868759854,83.60221426582142,62020888,1
5,32.23386186030282,150.581781171639,64.7949672068785,0,0
1,30.586639782810902,268.56561765255947,94.82434792637825,1419225,1
4,29.06930241365074,177.52742812470632,78.45314312638695,758,0
5,25.327187748361283,230.85119140307157,73.71504037431777,1677722,1
12,32.92406922469041,76.03433948007186,83.06898175643343,0,0
10,22.541208126643877,106.35968886592346,63.81126598933637,61137,1
10,23.31361118414938,225.7358602446692,82.2788526363674,17718,0
5,26.699561686484273,63.20099011713202,77.43826001747456,383,0
7,23.493250687562277,171.64941556093828,74.23359244995041,1304560,1
4,33.4769883707131,199.84224141573347,93.35570074126147,9243,0
1,31.5758718657206,200.53641101312027,78.28889008562186,34,0
5,25.107791819221763,55.73320281701051,67.66911178144784,1126085,1
7,29.062650747678944,130.5270010572964,76.06372177820545,2717309,1
10,33.78796618096098,209.1226627622885,92.17855916004353,53689,1
10,32.61038773757804,87.24993403731085,66.16334149657081,366378,1
6,29.209581357306377,223.85391208201332,67.4884963540883,8645,0
5,32.84468760610325,236.48130220341864,60.456034871497934,1707171,1
4,33.87021891776031,295.4922976115363,60.49665172885185,0,0
2,30.92023387472349,102.46049871410236,89.02870694354795,1115132,1
4,22.77983691379473,256.2826669165288,85.62429123950345,729,0
10,26.81896283710585,180.07414422966352,72.42643697581855,0,0
10,32.05390882339894,143.36564903604335,84.44089050296505,3,0
3,24.76683034966023,80.59418933129449,73.83220742084896,33302,0
10,31.967710213007493,233.8764016218844,93.35138785992396,1709,0
1,23.44406514441995,108.96439978592177,93.84684384991121,2484119,1
8,22.563344285773756,142.85550046826143,73.74778215332702,0,0
5,26.609087337894994,65.63555672434211,89.89776672193038,0,0
4,22.440783249119363,250.34172895487976,87.05811645941131,7407982,1
8,33.48724315579991,241.64713099291083,70.84999780101262,0,0
7,31.91446834952759,233.40395751057812,68.12139401153871,5792430,1
2,31.6092362455585,124.86087762297167,76.03821276374919,0,0
1,29.557335075953837,93.3700185664893,87.34720942150422,5334,0
12,24.595888276438643,209.38831611755745,93.60587246550608,99809,1
11,28.219124400116705,174.04159602830487,86.72526741033005,20760,0
4,29.167288869164093,94.56311672616039,89.93224447564295,707544,1
8,28.300378010323218,221.47781776246592,81.10725071596808,3355470,1
12,25.12280041541833,297.7816079553259,89.2392740794744,863883,1
2,28.18297509177671,236.80489693550942,87.45473003011962,278223,1
3,27.89423609042352,234.99659667140295,73.1944939674198,55,0
12,33.95602930968069,287.5781882326479,79.31966057422524,3111760,1
1,32.769233776554444,100.73409189372555,88.16635926963932,0,0
1,27.56056897858744,191.3874912303601,61.611985696648475,0,0
3,29.475248595221423,294.9116787584709,88.28277488245405,3,0
11,30.974459249106744,91.32352774254363,66.22608434171582,35333,0
5,22.4183819228059,225.06298986113026,78.01392659925037,33,0
12,32.73905729473408,196.4525364929755,88.28964038445781,3307673,1
3,32.32152179701509,196.61977304717675,68.88373773548432,0,0
1,27.48918517328449,224.4176568800188,68.60326037571535,11534,0
1,26.694037192964558,282.40423071892104,74.09675394617881,302,0
8,25.27551249827578,245.64548496283447,91.31249791521721,255662,1
10,27.72012193996442,64.0340258540525,60.015497350302276,9228345,1
11,22.53251996239884,263.1820049689278,91.54840838246773,1501315,1
12,32.22632240016409,106.38533248143315,65.38324586245628,1,0
12,22.42506842102254,144.228541184093,94.65302316236188,266576,1
2,25.948616384438452,165.43320340309555,93.41964475634639,6168031,1
3,33.17907385982788,170.2265001882674,77.31363163569492,2023795,1
2,30.822551854281432,158.79509981383922,77.94520867344198,3296088,1
3,25.376691526930323,284.3383235539661,76.8542269096549,244,0
7,25.031789127530622,226.50475191600614,82.24052759808329,83866,1
1,22.060985677816312,207.7926614891766,63.17525957822259,49840,1
10,30.348571514197,62.46050694573539,61.14162819195483,916492,1
8,22.585402980078076,275.97833256509364,62.01960249455646,6,0
10,28.391230232809143,277.3475480020991,75.55278722345301,5908246,1
10,33.5454636711046,245.0532658575256,69.64417787268192,21850,0
10,23.313626320653448,51.75730095340479,81.77138468298477,22281939,1
2,32.73375917161681,64.32006276940584,94.73548012811727,25,0
3,33.89770402174058,106.30592556712244,73.52131105767631,1185,0
9,22.73820431487082,82.83735203622668,80.08444389365798,544,0
7,32.59487522964953,149.70900742593236,74.54613635675675,0,0
4,28.1929482453234,280.6557645219474,89.65450837026508,13,0
10,32.87816463333496,168.0151085492496,91.57827412117834,490132,1
5,28.85582730303489,53.350656608041405,90.7074464271841,52483,1
2,29.945344121278776,120.6864223946905,94.10302835377402,562,0
11,28.52534689596879,61.14872709324038,60.963171479914536,5237442,1
8,32.37391456368818,59.07190565337554,89.39356567509358,326053,1
4,30.806919027444422,118.92996327388806,86.31202605636827,531834,1
9,28.25512374616498,118.90308466973636,68.00430432901277,0,0
5,32.41792964861857,246.78165065040102,93.47120326856347,9004550,1
9,24.943426387064015,293.70866319527795,65.18622748804809,6793,0
4,23.88808791643031,142.80177347249958,83.7842474496868,4452801,1
10,23.924801263960866,157.22171971525967,67.87115758855694,102959,1
5,26.008106544942855,261.1973590715054,75.09832270709262,43311,1
9,24.86428037561221,117.03475502387835,85.17059639305991,58234,1
8,33.16108420611687,89.095451100862,79.71636247115663,8544,0
3,23.27000912594301,263.2724058509126,74.9625640964839,14220000,1
1,30.38788885647505,61.62514661001637,71.42184508261956,2473705,1
3,24.27065847742007,204.92486004985392,89.38808794980767,756,0
4,32.5796455932442,190.4982118667017,65.03350226101848,0,0
2,33.53578345821889,136.48011187542357,75.053600678543,0,0
1,27.585640105239804,128.79738027433973,91.63151501212997,3252855,1
7,32.54885776273758,242.96443154540532,89.60473426609887,0,0
8,22.061742049056576,71.60615269063662,74.03296168655663,98137,1
7,31.8393630088972,109.19607732784635,86.70879272604579,1033327,1
5,24.743501938299083,233.11218295952244,88.81062907481007,1824487,1
12,32.90441571123242,187.08014593160607,91.11105984012704,4317650,1
1,22.013441337761314,81.9970521333966,79.05770191672298,3662,0
7,28.674180820477083,270.533903570515,67.15613101191491,6961475,1
7,31.079629645419217,148.3619616408979,68.9358176776376,105626,1
9,25.104259968374897,256.9670938305432,70.34931359145615,833,0
3,24.317594375047516,246.92825388192716,80.78308682833654,0,0
9,23.009178693615816,206.106361617932,61.148336844501294,9576806,1
1,25.917202918039514,173.62028282377324,82.26148640729889,1898175,1
1,28.718131747705954,294.8877100954392,72.75239834498812,5884,0
4,23.39012628136309,86.24126809495425,70.33346308713747,13227,0
9,26.520344343841586,231.2889318877787,90.78237997548442,1546,0
6,22.1088688558327,97.79767536619725,76.10008384532796,7660985,1
11,31.824153045998102,134.56577633308711,63.326856593644244,61587135,1
3,23.541384617118297,127.17468584329882,88.93613688091864,0,0
1,25.40011537918698,286.75899693468074,61.667444010277734,1652576,1
4,22.22113262485861,291.8390444470688,85.43622284588687,896,0
12,27.186889406710147,95.75386105868179,87.08671776197328,1414839,1
9,32.08145803289462,55.508790074376044,72.34109120751003,0,0
3,26.70581453734236,230.00200991577827,88.86757496972254,39448,1
12,24.153967881086,154.49748346762107,78.04807920497586,19379,0
9,31.04438600860623,72.21006127189109,76.21527786454789,394,0
7,31.46568378244893,220.93852639426063,61.58911485140424,748975,1
12,24.085041703690802,186.27638206517491,70.1510217777117,12550,0
4,31.250249302491877,295.1292055002765,92.58534898098549,82,0
3,33.367574659076055,106.85237396534473,73.7138387149225,835134,1
10,23.996531043187268,150.99446908163708,79.13451821948689,2849037,1
5,31.251811510385625,185.63645084885573,78.62075876444881,52221,1
5,30.50286405523155,247.92499711333792,80.66508814379426,310864,1
3,27.682886661221062,187.20966418001467,62.14658344751489,5629,0
12,22.69504552670558,203.2250402154873,72.6761689179555,1818297,1
9,22.89633301309425,106.53676289748519,85.3094895858894,23,0
4,32.228975910383774,261.72968202213997,67.0196087875544,993585,1
11,33.881780473007765,157.15763674261893,67.12524321412262,356,0
5,30.112627086241055,85.23990688044232,60.35317123411586,0,0
4,27.35149968412386,216.04697862635433,75.31186743128734,18,0
5,29.77088372082289,104.02261329632688,90.89570332356976,32569,0
7,29.132750310742544,74.39062755982494,61.81653302555581,7821,0
9,26.60334712486746,265.4967271010681,66.68915483236009,2399812,1
7,22.787513734888154,165.0405661221099,70.85295884199643,0,0
5,31.858155368889292,237.3209281739441,85.61036577974745,0,0
10,26.462002350864694,122.64688995158878,82.42224574809053,9074100,1
10,31.825427720285123,246.74253372941658,74.55803666036493,0,0
7,25.030104996260587,77.98398175538259,86.56741287404316,5851532,1
10,22.0123537581476,138.99334344871318,81.33708540799157,0,0
5,23.907259399321077,294.5154544933821,91.36142798800267,8408,0
3,27.622473001223014,248.4974290920015,88.63093621985425,67122,1
7,33.33164361949396,174.31398257867204,68.84847621312201,23838,0
11,23.226323436324627,134.94436789047126,69.50035021719701,849989,1
11,32.25051729353879,268.03392500561915,64.3874766527335,2681660,1
2,28.324289154542345,186.21193977112893,71.79376540011097,592186,1
12,31.91104918959876,239.60625446727778,94.9840371551683,454823,1
9,25.580493171879912,238.52692007904102,74.20129090152713,1,0
10,32.07936597606967,54.486419642122954,67.71709521411873,3040461,1
10,31.273873360201655,81.56344569815336,86.68690095664435,0,0
12,24.760644196377207,214.90734159868555,78.98648512119297,0,0
1,23.576021516912537,90.40495282146786,65.23605073344334,4,0
6,32.41665187038751,113.87333616390117,73.3241388406303,102302,1
7,33.55883984128158,286.65948854990177,74.50644004387702,72,0
8,22.375627764970194,190.04556459372796,86.38403951992265,3515943,1
10,30.775240803684227,237.68237674983678,60.723497911216654,228,0
9,32.91429413137382,189.49518469565996,69.41568763794086,10175,0
2,32.288321105109986,188.1284036956813,78.11587054604327,678,0
11,33.5742456672425,73.53797753142447,69.40963598584952,281346,1
10,31.121128941257165,135.91579815227578,81.99519165966495,9320362,1
2,27.307585148570922,120.60772467162793,76.86536177461159,1546912,1
5,25.743423885941567,147.68209140340332,72.65985892008533,7,0
5,25.84891288525753,249.58604705608207,93.22230194046793,376898,1
6,30.693072071369404,142.9831669792162,82.125582471526,5462230,1
3,30.95004414437157,162.92420480792066,64.54794802937795,2118745,1
8,24.40430972258455,149.34534762132913,79.60320941051884,3565593,1
1,32.41747376188637,73.3519929938239,87.32561486203153,3367,0
6,30.57908848242697,160.26803956269595,84.7971394122479,83763,1
4,28.753003436120594,98.90231826112876,66.02312302533407,24856,0
1,27.658389521230152,96.68082394326038,94.03469996640362,861145,1
7,28.5187936694795,73.50902610856659,75.70847760113121,10,0
9,23.910948859351173,139.1677435354412,65.56587513090915,7525922,1
4,24.44441499131529,239.37047119735433,66.30685139448518,16760,0
4,23.093973884874302,119.11042264584901,63.43822472661782,22535174,1
6,23.84389645793335,128.0872754713784,88.1231337952227,0,0
12,27.444323615263393,210.6686644181059,64.27106730126471,2010,0
3,28.364252724739075,98.96020314672973,64.37938399996115,1219,0
12,22.21434270973983,274.2394826058836,89.76650651662932,0,0
6,31.56157393436833,180.04763081288863,72.0611429556646,9,0
7,25.530015680121735,161.90073508005423,61.080026650782536,481385,1
11,32.94203241951893,189.45504798230036,61.81633548314438,76678,1
10,33.61013516336533,91.50857835404886,64.97596563463634,549,0
10,24.225506496119852,203.36828465979409,67.46876717914914,5094685,1
3,27.54516748918793,140.7751841585026,83.28011679834418,309019,1
7,22.01478202199711,274.29658524115473,65.506419800064,483793,1
3,29.179927181469125,92.21355166942153,64.16060369119752,0,0
2,29.287677379152054,176.76277596636027,86.76516995166978,9251148,1
12,24.9704794672405,199.5281573422545,83.486934935097,8638,0
10,28.700952070998376,58.34590044659531,75.23634775093326,4455792,1
4,24.706481709324827,140.92328118903507,79.22584200180364,113666,1
12,23.92990562893828,233.1588086752082,70.91944071142464,40880,1
8,29.818233601627178,255.09437686224334,76.88751470823763,79329,1
9,25.911105567424897,128.29049870432058,77.7335427143961,9969,0
7,29.08316726662747,249.6483180956878,73.55330449123336,17520000,1
1,27.198960987659866,291.93896927584717,91.7300273735257,2488590,1
3,33.81221688883485,264.21848401877355,60.562165274335214,1632,0
12,23.794967712010788,79.4109970398313,87.37599420819362,0,0
9,27.575183159629724,234.93258302138514,64.35339909344636,0,0
12,30.165479516311905,129.9167081101362,87.91415761880198,2930265,1
1,26.746541006559625,297.10399735301917,81.55691704868525,0,0
9,33.69639822244828,171.3397457899718,89.51473318277408,36513,0
8,30.66265153512322,80.60847458973527,63.41300139743141,1253129,1
1,29.88380629077392,231.29638700684768,79.56432219349209,841836,1
6,31.084711211334678,130.75279959655347,77.5380758091769,4476529,1
5,33.4317836564646,299.2695392704154,84.71676140371756,3954,0
6,32.89382383581568,294.9456144636305,78.70016931627865,6279267,1
10,30.691423697516942,214.03350450514517,78.92570984965865,171669,1
12,30.989939669215396,82.45661223792939,75.03585802516227,1124,0
5,23.751064888421745,221.71524941875725,70.80920484025692,0,0
6,23.23350885391199,73.2576216150068,76.87925264382673,8930459,1
5,28.850854022129973,57.34103977559808,64.14723255689402,1322336,1
11,22.22041164328648,255.7396115553715,93.65296686440797,3671,0
12,27.788276578619097,102.43823692092033,85.00437672693094,24062,0
5,24.524194959026424,144.75678155477436,93.33634908407464,1158,0
4,26.152198811738074,293.3643474940433,67.93545838154871,7323097,1
3,31.309656829515472,134.2101254652758,90.77693570617848,60529456,1
3,33.29485005078864,124.12244532082882,88.30764945972385,0,0
4,22.868995265756098,279.55199990569383,83.70033443601858,1905938,1
9,28.41090647171734,77.68711132973952,81.8760215129822,376,0
2,32.5904018298352,239.89560252865795,71.07923828437545,1045967,1
9,22.990102413285054,297.01639166319353,88.57437747377608,1,0
1,31.894168562762005,275.32400269366224,77.55304115179068,30122,0
1,26.293616211139256,212.91697967660647,62.48120515619499,24222,0
5,25.865136426632024,128.515198748183,70.95021062992956,505,0
6,33.729596635777426,113.58049529457918,92.73539844908646,401794,1
6,24.41030907834753,254.8137762178653,89.77380912116962,8442,0
3,30.318327289872173,269.9554784879238,94.36669943267887,69,0
7,31.8572887361184,181.35872813642322,81.97976839114344,709373,1
9,22.49420194335126,111.08498519661654,68.66285255991441,3006695,1
11,30.04462550025295,78.23580210279339,65.69852673869023,62676,1
12,33.418599692263925,71.7948669579578,66.54200542129615,301405,1
10,23.490639600736714,229.7693618384639,60.692848042153905,9866,0
8,32.75465563222046,155.02968196193126,73.67387388450787,1939487,1
6,29.13731964852323,276.3399685694676,66.69996881748399,124,0
12,29.39925498234969,234.91782518169092,74.40794111598458,951357,1
8,29.35533009838727,97.81510447864667,92.7248051143568,771,0
12,25.586030636047767,203.44435470392474,75.06890733275165,0,0
5,33.22242178359352,158.87636359953984,90.72945739446922,65,0
8,33.368205551572466,194.31243269215327,81.19266683155567,24897,0
10,29.503655922567376,234.51728083462928,68.64960441314872,33063,0
12,31.401072711299378,251.5489702509477,72.4549165740724,2350507,1
4,29.347095830573895,260.93433160168104,62.93718375375003,0,0
10,27.812781370888487,113.49371864300619,71.67119077586037,0,0
8,29.929841419591007,57.77889997933942,83.71393309262369,10686032,1
10,28.6360174311035,234.8236837911933,62.523888252530234,0,0
12,29.169710351583163,76.58593156394365,67.18904929673103,6300351,1
2,31.405990641026342,128.7298971532419,73.3504364494659,0,0
12,27.77084597738782,50.95428353108679,94.3717337955587,11651,0
12,22.48904927310967,220.417370600405,87.47016380356081,58086,1
5,23.967993771873967,91.78300286780532,85.67203612722363,20206,0
9,27.263286597874462,213.82060242291453,64.06668347839062,792458,1
4,30.6979187184887,297.93565429195974,87.3348562765247,2298064,1
11,29.119343779722143,68.16771790250408,87.48440840306053,718725,1
6,29.803530230481446,69.26950298786517,81.03859434685148,353343,1
1,27.75134714291545,135.09502316666874,94.662662369943,1,0
9,29.388904263306912,266.5966285628355,71.38388670735932,3125901,1
1,25.948209253775946,103.88246719783297,92.94453568846481,14,0
5,27.64219111235998,140.0944549825869,92.01558902347762,0,0
4,30.931348787139466,67.12635165674489,60.40182309122822,50,0
12,32.461993347677456,240.78882281472235,75.75407842661839,113895,1
3,27.203864007476668,152.07658568986278,94.19864815680506,150,0
6,22.523939892488336,239.8121832652107,63.60924768428265,3713395,1
2,23.94007052976163,275.90196108669875,79.17246430341618,526,0
3,22.250333671498456,108.19078677532218,94.26351274643864,19614,0
5,29.839156230847962,251.84900758498785,79.4423398437051,3072,0
9,25.987775504261307,64.77347251956331,66.64353560402546,384655,1
2,28.50974362863241,274.71184704506186,80.37641305324064,9221846,1
10,27.919322161405596,212.69213688968685,67.15542008823414,1608931,1
8,22.97831787462912,268.5566810345879,78.18964920130695,47,0
2,26.839136333485982,50.04709988914547,62.59147762693218,361377,1
11,24.646733499067878,92.27026758899814,81.19189342250417,5361329,1
5,27.02079746401183,147.43984685662303,78.08764786948554,2140887,1
7,24.442939364106913,144.87572584367965,85.90564790665121,3594883,1
8,32.0854288753232,106.68259573087767,82.07451649055747,4990,0
1,24.090320038939044,145.40298496680003,79.23621939857648,163874,1
6,33.52936661784372,82.21217800006372,84.14225972368425,36538,0
1,26.99088839376329,153.1902823165065,65.03796697502808,835820,1
2,32.15494350422859,250.58858228981606,80.83758814405114,110,0
1,29.54517781847134,169.7675157758378,66.02387109879722,7939844,1
11,30.824203583989032,54.50002223630375,92.39327727481583,13520,0
5,31.212686656801363,155.36101039481184,62.391693669596144,23691683,1
10,28.058138582716214,56.79375402271104,75.06311623917776,1010,0
9,28.51960628035946,291.56085267669954,84.35291171794057,4247,0
6,28.167950413704702,81.86348985571723,76.03077740838906,1888,0
11,29.05670053708095,226.92208158265467,63.22333386315158,0,0
11,22.352733349078086,293.19408072302144,79.36826556443475,19,0
1,26.74618203818818,256.50976291664296,82.45711680895741,381639,1
1,29.27426456273406,224.82884378155092,84.63273088466777,83471,1
2,29.17268278307037,259.8652273751917,73.06409350619656,268,0
9,31.515473135267577,295.44967331515693,79.72809898600667,7701107,1
3,29.8601120659853,205.33612431338238,75.77402662286195,285725,1
1,33.90559979608807,189.79620170733162,83.52196135632887,465479,1
5,25.40625434330374,207.05952761582034,80.42449385636866,0,0
7,26.30981235599478,183.16897169038873,78.40146768456972,9171294,1
6,26.606165822413555,208.7722764774297,68.7333528393387,9545,0
12,27.589753684242982,162.4605519931398,60.070648121188185,4348149,1
1,32.03197676537451,104.61079572082679,66.09285863590003,122027,1
5,24.82950512751052,80.06180662791891,64.0973114498459,32656,0
5,31.312002484425154,67.0852338830651,75.71796607538313,82766,1
6,26.86372219702892,115.82894593830002,81.42903527666456,13106,0
3,29.222264603944105,61.530891083933454,67.45797530396828,20490000,1
5,29.590486398715672,191.7926949798464,92.86699835885155,2730079,1
7,26.474183646267214,120.95711175588006,60.233874522836075,1847,0
5,28.151382462469662,256.13370202175804,87.030535530787,0,0
5,26.956374095772365,68.56021824709661,81.88216693356549,0,0
5,22.829593434239435,106.58787358537148,73.07441803666887,2845913,1
10,27.24598466580192,232.56153677253647,61.767113054434276,3,0
10,23.168720710642624,199.70207409587286,81.96203001244977,40528,1
3,26.86024958896386,66.12281781229188,73.49647295029769,1295630,1
1,29.11502079798138,269.3098642905501,92.76934987946268,937413,1
5,28.95297879212201,269.3154407065449,78.9696526211418,4602005,1
9,29.951455348099845,132.60200096894346,92.88780289527278,5194,0
1,23.143138095455516,135.1014608373912,67.71692927156565,5772983,1
3,29.825478946365255,297.2570895875435,85.40040686274361,128567,1
4,25.745776680357366,206.54404289828454,81.6037157297054,1226,0
1,26.78855135364533,182.82913014201478,85.87928804409592,3,0
1,32.29583504707247,259.53804588798107,67.5133752390388,8455521,1
8,22.108364849554604,121.32258458932911,83.27480806832207,2019172,1
2,29.060951600087265,157.29564834908922,77.43141375699041,2601,0
12,29.18456776120129,116.94416887208354,85.99887412172107,30690,0
8,26.759917316122745,247.29021164718284,71.44656254531363,866,0
7,24.844334285300036,193.3373364088045,91.15199589128383,7007707,1
10,24.816088459138612,214.70626753501764,62.950546011397265,60749349,1
10,32.60451603592903,113.07681245985164,88.25162615769159,7,0
2,27.304292485394292,105.05632534432877,90.14618690352818,1445704,1
6,25.970672355870065,172.09365724573468,88.60383089783875,444,0
6,27.385330885976835,234.3914372732067,77.94542379916216,1240109,1
3,30.032684817512337,181.30993938004005,75.34347430107664,18,0
11,23.749078818937022,58.16141938641715,94.86918002837069,37121,0
2,27.393206022564854,267.1378765800722,68.02101829249567,54209,1
12,29.054612453324644,66.1717233787829,79.14065880566156,1267,0
1,33.38300025821721,288.95612093018804,83.47364338838139,1260186,1
6,25.03033338490503,56.28548956931818,84.53036725515011,2740,0
12,26.311008974994948,223.6126140326772,67.14086330085026,29,0
5,26.552303079069084,70.55176592794541,82.88979323189304,792643,1
11,29.266457891738593,277.6691448587849,88.64293482684681,3031470,1
9,26.28078463648002,166.10830905638568,61.75065018873893,91425,1
1,28.402143103596348,84.38094370425384,91.90324526638608,356323,1
7,31.38148395814035,135.20392494746164,61.03264193008221,8060,0
5,30.464627129346443,91.20616883669051,72.4589861370938,1940101,1
5,27.356423758151028,92.64547788927251,60.553461868153676,684,0
2,32.37059413209003,287.0270800428606,62.70008089888537,961960,1
11,28.697682995126357,161.31152807119705,91.89088998130276,1712,0
3,28.47887007402655,247.2005659763399,72.42012907611517,0,0
7,22.4102531912699,209.90139029442045,74.86700356487685,111,0
6,33.84031576428594,219.10659058459805,67.53705334838935,32480,0
12,23.475649702355522,82.92335961800963,80.8983519565352,103604,1
2,24.77357094913176,108.54611170387142,80.81811251372264,2366948,1
6,22.62036204689832,246.68758378860923,73.02701371388267,0,0
2,29.680035602042963,292.6915516186957,71.65622051318894,0,0
2,24.69641412367216,115.66891064966293,90.97375078632058,11503116,1
2,24.16012524967268,117.89219118775996,73.41494838747705,0,0
11,23.062667010678897,168.2242832027262,77.27253472540428,6545932,1
3,23.23970748548819,295.96007821385945,69.91566668487258,3,0
2,29.016048405311064,117.23973645661776,87.53693261749946,15695,0
4,30.258494390399143,151.742977408566,73.9106854914682,57257,1
9,26.768547861572813,272.87000390587673,77.97638662905136,23062,0
6,27.75876497910488,50.7302581553405,68.86750095208815,1134927,1
1,30.231612831795807,59.94149124714239,94.56808573194381,2169307,1
8,22.208557482225757,201.0179192678048,70.2023509323303,1095083,1
